{"color":[0.12999999523162842,0.4300000071525574,0.5400000214576721],"editorID":-858993460,"lightID":-1,"modelPath":"","name":"","pos":[4.0,0.5,4.0],"shaderID":1,"shine":-1.0,"size":[0.10000000149011612,0.10000000149011612,0.10000000149011612],"textureSlot":1}
